,城市名称,用户性别,评论,用户id,用户昵称,用户评分,用户等级
0,北京,1,太棒太好开了,1111200021,NLj388634128,5.0,1
1,辽阳,,电影还不错91,1111241958,UyH259893321,5.0,3
2,济南,2,我愿用万次轮回，换你我一世地久天长,1111225690,茫茫人生总像荒野,4.5,3
3,哈尔滨,,神探系列就没让我失望过,1111239842,韬心依旧TONG,4.5,2
4,太原,,是不是演的有点浮夸了,1111234012,GXF非文,5.0,3
5,长沙,1,。。。。我的世界,1111218307,HnS547556754,5.0,1
6,北京,,回家睡觉时间段会说话是撒,1111232223,wolongwukong007,5.0,1
7,南京,,三多的电影挺不错的,1111230309,SUFQ009V,4.0,1
8,徐州,,好看 好看 ,1111229304,zKe618393065,5.0,2
9,南昌,,很好看，咯哦,1111224971,看雨66的,5.0,2
10,沈阳,,很好看！喜欢96,1111224800,LRl129087493,5.0,2
11,昌邑,1,太可怜了可口可乐了,1111223387,郭童童童童童135,5.0,1
12,昆明,1,不错喜欢的喜剧效果。哈哈,1111222092,治栊∠,5.0,4
13,石河子,,啥时候能看3,1111216802,yummy紫光,5.0,2
14,台州,,a62a62kao,1111210104,aMJ589884154,4.5,2
15,重庆,,剧情一般，反转也没有让我很惊讶,1111221068,RTHSINCERELY,3.5,1
16,太原,2,诶呦，很不错哦,1111217618,阿、,4.5,1
17,淄博,1,过年看这个带劲,1111217330,可米糖果屋,5.0,1
18,监利,,非常好看，好看的不得了,1111216256,昊35268,5.0,1
19,伊宁,1,超级好看 刘昊然好帅 王宝强超级搞笑,1111212978,YerDni,5.0,3
20,深圳,2,好看，很搞笑,1111212934,萌怪怪247,4.5,2
21,沈阳,2,好看，很好看,1111188732,逛吃逛吃tel,5.0,1
22,永川,,不错不错很棒,1111207967,凯里.安德鲁.欧文,5.0,2
23,大同,2,电影票出票速度挺快的,1111212310,闫0志0鹏,5.0,1
24,太仓,,好看啊啊啊啊,1111211341,ccccccyyyxxxx,4.5,3
25,太原,,太好看了，剧情、演员都棒棒哒,1111209265,小小欣0309,4.5,2
26,延安,,还不错，以前都不看国产片的，后来看得几乎都是国产片了！继续努力,1111208225,洛美美22,4.0,2
27,化州,2,好看喔好看喔,1111207298,3.,5.0,2
28,苏州,2,好看，环境不错,1111203720,ONLYlike三三,5.0,2
29,广州,,嗯嗯，还可以,1111188450,嗦傅,5.0,1
30,临汾,,很棒！！！！,1111199862,Z温柔敏.,5.0,1
31,太原,1,不错，不错哦,1111203491,名字太蓖麻,5.0,1
32,重庆,1,好看得不得了,1111202836,缥缈幻旅,5.0,1
33,南昌,,不错，很搞笑,1111202825,PMS291335873,4.5,2
34,合浦县,,很好看期待第三部，结果疫情,1111201370,ExL780541475,5.0,1
35,天津,,很欢乐的电影,1111199412,李暮梓,4.0,1
36,武汉,,o**k，9315,1111199389,颓废学生孙一刀,5.0,1
37,芜湖,,好看，期待去东京探案,1111188224,ZLI993268232,5.0,1
38,兰州,2,nice！！,1111201173,ZdC709765018,5.0,2
39,西宁,,情节感人 好看 ,1111201126,DC深爱是场谋杀,4.5,1
40,天津,,非常好看，有意思，不错,1111202159,刘馨泽30999,5.0,2
41,重庆,,欢乐剧，大片,1111202122,喜之郎的喜羊羊,3.5,1
42,包头,,非常好看。。。,1111194875,智爱一生99,4.5,2
43,合肥,,很赞的  棒棒棒  后续还会追,1111192622,Dqb193537408,5.0,1
44,长丰县,,非常好的一部剧,1111171802,_weixin250881495,4.5,1
45,昆明,,9798999798,1111193803,Eric14921587,5.0,1
46,盘锦,,太喜欢了啊啊啊,1111192201,PIE503596319,5.0,1
47,忠县,,喜剧又好看，,1111192110,dOr522263854,4.5,1
48,成都,,很喜剧，拍得很好,1111185414,zSF997732178,4.5,1
49,广州,,蛮好看的，推荐,1111184588,陶权权,5.0,2
50,邯郸,1,笑点接连不断.,1111186072,杯盏.故人,5.0,2
51,桐庐,,为了评论而评论,1111171127,H123456ML,3.5,2
52,绵竹,2,好看的 太搞笑了,1111181183,zxx赵嘻嘻,5.0,1
53,四平,,好好上你的还不到好的好的好记得记得,1111149888,Lqu834533648,5.0,2
54,洪洞,2,不认真写影评的人,1111174393,爱吃小朋友的小朋,4.5,2
55,新乡,,剧情无聊，，,1111151680,小学生在此,4.0,2
56,北京,,太棒了！！！,1111151675,ndI922879813,4.5,2
57,苏州,1,91      ,1111170756,A郭亚兵,4.5,2
58,成都,,还可以，挺不错,1111161169,Big.Small,4.0,2
59,宜宾,2,一搬般得很。,1111149635,azF260188600,3.0,1
60,安顺,,97979797,1111163980,小得瑟yy,4.5,2
61,珠海,2,好笑很好笑不e,1111152344,pdb38860137,4.5,1
62,成都,,不错的一部影片,1111167048,山有南枝,5.0,2
63,郑州,,ting62hao,1111163518,DJD474396682,4.5,1
64,江门,2,不错，，。，,1111163244,ALia484,5.0,2
65,佛山,,挺好的。。。,1111162705,whh415360805,3.5,2
66,周口,,一个字，还可以,1111157754,kPN275809906,5.0,1
67,靖江,,好看啊！！！！,1111160286,Yy吃不饱哦,4.5,4
68,泰安,2,唐人街探案3等了一年终于要出了来给2评价来了好期待,1111155899,抱抱菲哥,5.0,1
69,万州,1,时间长忘记了,1111154909,aaronkwokx,5.0,2
70,阜新,,话不多说等三,1111153694,茶茶XYxy,5.0,2
71,呼伦贝尔,,电影好好看。。,1111134641,go思念不如沉淀,5.0,2
72,铜川,,这个都是大明星演的好搞笑,1111153427,ff281433215,4.5,1
73,宁波,,好看，不错。,1111134581,0802,5.0,1
74,东莞,1,就这样啊无聊,1111147968,EYw848938324,2.5,2
75,武夷山,,希望下一部赶紧出来,1111154083,HBXG.,5.0,1
76,运城,,挺好的！赞赞赞,1111153016,雷思夏,4.5,2
77,青岛,,还可以挺好的,1111133354,小钟钟1314,3.5,2
78,宁德,,爆米花餐包。,1111133351,CJq111524176,4.0,2
79,霞浦,,挺不错的啦，,1111143956,现实848,3.5,2
80,成都,,电影很好看，也比较搞笑，期待后续,1111146546,cEa602494026,4.5,1
81,南通,2,可以，环境好,1111144760,Fvp79552860,4.5,1
82,哈尔滨,,比较好。。。,1111093829,喝露水的小美宝,3.5,1
83,无锡,,很好看，环境比较好，服务太度好地方比较大,1111138467,oJQ694352921,5.0,2
84,深圳,,很好看，很搞笑,1111114852,冫奈序彡,4.5,1
85,天津,,非常好看有意思,1111138284,jwm705641808,5.0,1
86,长沙,,还可以 喜欢,1111135746,HZs152797932,5.0,2
87,济源,,很精彩，扣人心弦,1111130907,liK414572497,4.0,1
88,杭州,,很不错，期待三,1111130861,五毛无奈,5.0,2
89,钟祥,2,不错 值得看 ,1111112545,zxtvsudan,4.0,2
90,公主岭,2,特别有意思，很好看，,1111130431,不爱吃饭的小桐,5.0,1
91,楚雄,,期待第三部！,1111111511,rGw146152970,3.5,2
92,呼伦贝尔,2,"三井物产

",1111127880,TTc824606793,4.0,1
93,呼伦贝尔,2,"三井物产

",1111129265,TTc824606793,4.0,1
94,晋江市,1,电影内容不错,1111128250,胖猫1982,4.5,2
95,哈尔滨,1,特别的好，感觉视觉冲击,1111126739,eeY760728001,5.0,1
96,杭州,2, 千余起。我,1111124644,苏小新。,4.0,2
97,深圳,2,总是那么好看,1111123573,ru49233731,5.0,1
98,呼和浩特,,演的非常好看,1111126422,PzF598682274,5.0,1
99,扶沟,,总体感觉还可以,1111120667,sfn700987624,5.0,1
100,长春,2,好。太好啦，,1111102539,慧慧仙女,5.0,2
101,北京,,非常好看  ,1111120469,ogc968611514,5.0,1
102,萍乡,,没第一步好看,1111117487,aTb990371219,4.0,1
103,德清,,还可以的是的,1111093075,JJJJJJJJJuice,4.5,1
104,无锡,,很nice. ,1111100811,非关风月X,4.0,1
105,邳州,1,不过这个是真的不适合谈恋爱,1111096873,Ai丫头的疯子,5.0,1
106,徐州,1,还行吧，，，,1111089994,简，简，单，单,4.5,1
107,唐山,2,很感人、很真实、挺好的！,1111062260,奥特曼ko,4.5,1
108,老河口,1,好看迪恩啊。。,1111085938,天河,3.5,1
109,广州,,设施挺好的，环境不错，挺好的！加油,1111008509,litao915,4.5,3
110,武汉,,无厘头，还挺恐怖,1111081682,一树有话说,4.5,1
111,仙居,,印象里还蛮好看的,1111051923,周啊周zyj,4.0,2
112,安阳,,很好看的电影,1111083092,edA977763019,5.0,2
113,镇江,,挺好看的！！,1111051850,茅茅要长高,5.0,2
114,松原,2,挺好的挺好的,1111080119,加菲猫儿79,4.5,1
115,西宁,2,好看好看..,1111077437,尚小花同学,5.0,2
116,吉安,1,可以 不错不错,1111065782,隔壁老王才是真爱,5.0,1
117,石家庄,2,不错，喜欢，,1111065776,白狐妖月,4.5,1
118,大连,2,好看，刘昊然好帅,1111069010,闹闹爱吃肉啊,4.5,2
119,深圳,,好久以前的了。,1111053107,yunbinli,2.5,1
120,慈溪,2,图个开心。。,1111058741,mahongyu85,3.5,1
121,昆明,,好看！！！！,1111059329,大飞和和和,5.0,2
122,太原,1,你从万物中浮现，充满了我的灵魂,1111035700,Restoreancientwe,5.0,2
123,惠州,,搞笑的同时又有愉快的剧情,1111056218,ljx232297040,4.5,2
124,上海,,比唐1更棒，戏导得好演得也好！,1111049876,qBc984324858,5.0,2
125,都江堰,,不错值得一看,1111055047,涵阳阳,5.0,2
126,深圳,2,棒棒哒！？！？,1111024871,偏爱白衬衫,4.5,1
127,开平,1,好看，哦哦给您,1111046552,tigppp,5.0,1
128,武汉,,个人不太喜欢看这类电影，但妈咪觉得很赞,1111047292,jgX133711225,4.5,1
129,大连,1,非常的不错 ,1111048038,yHG314262297,5.0,1
130,金华,2,没有失望，一如既往的好看。,1111044269,EfZ279538950,5.0,1
131,合肥,2,一直在追，好看呢,1111042673,浅末幽然,4.5,2
132,黄骅,1,好看！！！！,1111014976,A幌T651,5.0,1
133,中卫,2,还不错吧！！！,1111042473,哥别再念经了,4.5,1
134,贵阳,2,不错，值得一看,1111038893,慕容寂汐1,5.0,1
135,重庆,,唐人街探案系列，还行吧。,1111015756,HpY133858066,4.0,3
136,大庆,2,都已经这么久了呢！n62n62n,1111038322,朱琳155,5.0,1
137,广州,,十分好看的影片,1111033909,BLUES？,5.0,2
138,常州,1,还不错，很好看。,1111033685,常州小邵,4.5,1
139,玉林,1,没有什么事V,1110999441,陈先生是个好孩子,4.5,1
140,深圳,1,我看着还好吧，不太喜欢,1110999398,陈闹闹110,3.5,2
141,福州,,好看，下次再来,1111006890,科科秀秀,5.0,1
142,昆明,1,喜欢，是我喜欢的类型,1111025814,惜福984,5.0,1
143,蚌埠,,好看，推荐。,1111023872,loE621712170,4.5,2
144,重庆,2,好看！哈哈哈哈哈,1111027143,Z-,5.0,1
145,哈尔滨,,9696969696,1110994991,rkc330250669,4.5,1
146,长春,,好好看看这个吧,1111023325,葛桂义,4.5,1
147,临沂,2,还行吧，。。。,1111018874,soal达达,4.0,2
148,石家庄,1,拍的不错，中国版福尔摩斯,1111018276,_qqn7t1401274553,5.0,2
149,吉林,1,期待三四的到来,1111013598,yvd133683602,5.0,2
150,吴江,,不辜负我的大年初二,1111013303,guoyaping1112,4.5,2
151,德阳,1,好看 期待下一部,1111009427,洋洋洋呼呼,4.5,1
152,杭州,,非常不错哦  ,1111005802,VmK504372967,5.0,2
153,南宁,,心中壮志常在，0969♀15脚下须臾不停,1111005394,吐司杨,5.0,2
154,深圳,1,精彩，强烈推荐,1111001732,sugar灬灬,5.0,1
155,霸州,,腊肠胃不舒服的话,1110979684,美食每刻不将就,4.5,2
156,恩平,2,好看，非常好笑,1110977713,wrH274020787,4.5,2
157,吕梁,1,好看 非常好看,1110977534,丶高三胖,4.5,1
158,抚顺,2,好看，喜欢等待下一集,1110991548,喋xue,5.0,1
159,成都,,这个略显浮夸,1110985741,好想吃龙肉,2.5,1
160,林州,,喜欢的演员，一如既往好看,1110982931,爱芯baby,5.0,2
161,甘孜,1,不错(*2107ts`21)79,1110981696,灯灯＃,4.5,2
162,铜仁,,新春档力作，值得一看。,1110972684,竹桨酱,4.0,2
163,重庆,,挺好看的，期待三，好像是带妈妈一起去看的,1110970380,高冷逗比小绵羊。,5.0,2
164,郴州,,超级搞笑，王宝强太逗了,1110962977,KdO429211093,5.0,2
165,揭阳,,真的完美的结局,1110962464,dhI824935201,5.0,1
166,淮北,,还可以，可以多看几遍,1110950043,mafeng365,3.5,2
167,清镇,,还可以，挺搞笑,1110951942,qfd194424525,3.5,3
168,长兴,,好(7070),1110953152,lvP297199144,0.5,3
169,长沙,,搞笑悬疑惊悚，节奏很好,1110949282,糖和贝壳,5.0,2
170,西安,,好看   很不错,1110928245,jia芸,5.0,3
171,新郑,,很不错，值得去看,1110920487,花花ET火星,4.5,1
172,牡丹江,,贼好！！！！,1110926903,oppsn,5.0,3
173,乐山,,很好看。。。。。,1110923627,syt411345727,5.0,3
174,哈尔滨,,剧情紧凑，笑点密集,1110926069,xDo703073015,4.5,1
175,朝阳,,每部都看了，很不错,1110923011,TF燃bh,5.0,2
176,成都,,超级搞笑  ,1110910921,iow635745130,5.0,1
177,新余,,好看啊，非常喜欢,1110912239,深海A5.,5.0,1
178,大庆,2,每年初一都必看的电影，粉红色的回忆08 ,1110907584,90,5.0,1
179,长沙,2,翻翻看死人v,1110897802,又注册过了,5.0,2
180,丹东,,我就等三了，今年本来能看上因为疫情,1110884468,樵樵1314,5.0,2
181,保山,,你人听哦什么弄,1110878078,dFK465730339,4.5,1
182,耒阳,2,很棒6666,1110884356,大哥.,5.0,1
183,成都,,一往如久的好看,1110892625,nxe643667095,5.0,3
184,邵阳,,值得再次购买,1110891559,lxB402317377,4.5,2
185,富顺,,好看的阿，真的非常不错,1110886843,PdT362853737,5.0,1
186,广州,,好看！！！！,1110865743,陈颖琳619,5.0,2
187,肇庆,,好好看的哇哈哈哈,1110881554,坐等你到,5.0,2
188,黄石,2,不错，挺好看的,1110879176,天爱达琳,5.0,3
189,常德,2,剧情很不错，挺烧脑。,1110879137,A_A王杨杨,4.5,3
190,承德,,"好
好好kan
",1110874694,TYO714397360,5.0,1
191,烟台,1,兔兔咯啦咯了,1110873515,那个咖,4.5,1
192,广州,2,挺好看啊嘻嘻,1110876012,07,5.0,2
193,滨州,,搞笑91(￣￣91),1110861067,TQS241798908,5.0,1
194,包头,2,挺好看的，王宝强很厉害。。。。 。。。                ,139496379,kuailemiemie,4.5,1
195,郑州,,好看不错就行,1110868528,lijun1083821520,4.0,3
196,徐州,,不错，挺好看的,1110867877,arnosue,4.5,2
197,安阳,2,感觉太逗了，,1110867770,爱20180311,5.0,2
198,扬州,,好看(1711ω1117)1779,1110845778,稻燕姐906,4.5,2
199,深圳,,很不错的电影，推荐。,1110868080,limaoxin47,4.5,1
200,湖州,,哈哈哈斤斤计较,1110845715,y湖州靓女,4.5,1
201,贵阳,,还可以，很搞笑,1110842719,仙,4.0,1
202,济南,,不错不错很喜欢,1110860956,oXT865584943,5.0,1
203,南宁,2,和你曾类型地面,1110867446,朱蛋蛋z,4.0,2
204,西安,,还可以 挺好看的 ,1110864630,干饭人wls,5.0,2
205,顺德,1,所到之处，皆为幸福。愿彼此快乐，彼此成长。,1110864517,爱吃烧烤的鱼鱼,4.5,1
206,河口,1,期待3反正挺不错的,1110843378,dnfwomeng,4.5,1
207,昆明,,挺好的帅呆了酷毙了简直,1110856644,OTn576650659,4.0,1
208,广州,1,很不错！！！！,1110857639,PTU299799458,4.5,2
209,沈丘,,不错  好看,1110855326,aAS699305387,5.0,2
210,牡丹江,,喜欢这个节目真的,1110836523,芊彤mm,5.0,2
211,武汉,,还行吧，不错,1110826902,Rqn233417306,3.5,1
212,孝义,2,很完美，值得一看,1110849632,HFm155564946,5.0,1
213,北京,,不错.和家人一起看。环境好,1110847663,爱吃茄丁面,4.0,1
214,武汉,1,挺好的啊！ ,1110817871,斩梦413,5.0,1
215,湖州,1,经常，坚持小吃街超级超级,1110832927,zqp5861276,5.0,2
216,长沙,1,可要加油加油,1110823099,FKR228724223,5.0,2
217,福州,1,很不错，值得一看,1110808606,迪古,4.5,1
218,白城,,is就就是就是就是你你仨,1110799991,你别吃了呗,4.5,2
219,上海,2,笑死，等3!,1110809794,圆蛋儿55,5.0,3
220,三门峡,,"喜欢刘昊然，挺好看的，搞笑幽默，   
                                         2018-2-23",1088208542,NJ安ㄅ,5.0,2
221,广州,,孕产妇阴差阳错,1110806237,Tba668705357,4.5,3
222,横店,,期待下一部噢,1110802335,nRM849402711,4.5,1
223,大连,,可好了太好了,1110788110,杨凡_,5.0,3
224,哈密,2,很好看……。。,1110770882,ch318,4.5,2
225,济南,,唐探我永远都爱,1110777631,广平醋妃,5.0,2
226,慈溪,,还不错，都是陪孩子看的,1110778518,wq661936,4.5,3
227,大连,1,还好，还好，王宝强有点噶演，太用力了,1110774768,斯文真男人346,3.5,2
228,杭州,,这都啥时候了,1110777008,哈哈小五,5.0,1
229,济源,1,非常牛逼非常好看,1110746481,kQL930417303,5.0,3
230,台山,1,马上出3了。,1110746336,QlZ169432741,4.5,1
231,武汉,,还不错，挺好的,1110764204,高冷男神黄Sir,4.5,3
232,黄骅,,喜剧动作片，比较欢快的影片。,1110760873,boymuxi,4.0,2
233,昆明,,"好看
h62k",1110762336,xHb850717392,5.0,2
234,清远,,好看，值得看。,1110760283,miss珍！,4.5,2
235,沈阳,,不错  挺好的,1110732805,小柒.com,5.0,1
236,泗洪,2,Dood  good,1110752100,布拿拿F,5.0,2
237,杭州,,喜欢王宝强，炒鸡喜欢，每部都没错过,1110754037,ZHY386850965,5.0,3
238,南宁,1,很好看！搞笑,1110745730,JbG793587735,4.5,2
239,哈尔滨,,挺好看的，质量高，刘昊然帅！,1110742933,src221060018,4.0,1
240,重庆,,很好看哦。不错,1110745310,GUCCI417,5.0,3
241,广州,,好看非常好看,1110727473,阿布落落,5.0,3
242,郑州,1,特别喜欢唐人街探案系列，说实话，下线了也在网上看了很多遍。难得的烧脑搞笑侦探片,1110732304,点了外卖上最佳,4.5,2
243,汉中,,嗯嗯嗯嗯嗯end,1110743396,Yyyf123456789,4.0,2
244,上海,,非常好看一起去看,1110742265,KpK295059035,5.0,2
245,来宾,1,剧情搞笑，期待下一部,1110730191,JJ45°角的天空,5.0,1
246,杭州,,很好看很好看,1110739545,zasn380,5.0,2
247,苏州,,期待第三部上映,1110736800,mini糊涂蛋,5.0,2
248,上海,2,好看，好搞笑！,1110633914,vdd576311695,5.0,3
249,东莞,,好好好好哈！,1110734643,XiX！i,4.5,1
250,长春,,和女朋友一起去看的值得一看,1110728485,upA232581477,4.0,3
251,成都,1,非常搞笑，跟老婆一起看的,1110731177,自_在_唯_我,4.5,2
252,潍坊,,非常不错，开心,1110728101,好饿好饿e,4.5,1
253,南通,,还可以吧！，,1110704708,VNn576906773,3.5,1
254,大连,,期待3，2021见,1110711254,坛N,5.0,2
255,海城,1,好评是对影片最起码的尊重,1110704583,立志大叔,5.0,1
256,赣榆,2,很好看，喜欢,1110719997,各自安好agony,5.0,2
257,重庆,,好看，可以，,1110719865,Ohh389466947,5.0,1
258,抚顺,1,笑点不是很多,1110717807,抚顺买手,2.5,1
259,深州市,,还可以吧，挺好,1110719519,zmJ380216274,5.0,1
260,广汉,1,和一比起来完全是另外的风格,1110695915,MVy630611670,5.0,2
261,西宁,,很精彩，满意。,1110691896,KGi908174357,5.0,1
262,玉林,1,挺好的！！！！,1110715635,Caspar丶SL,5.0,2
263,松原,,真的很好看呀,1110695457,zuH646856778,5.0,1
264,长沙,,还不错！可以,1110713416,QYe579394058,4.5,1
265,佛山,1,不错  加油,1110710339,农的传人660,5.0,2
266,哈尔滨,,很好看看挺不错的,1110705970,丁军长,5.0,1
267,重庆,,好。    ,1110713021,MJf477681979,5.0,2
268,乌鲁木齐,,好看看看你的世,1110705897,pKm969025817,4.5,1
269,北京,,"挺好的哈哈
",1110706219,小小车诶,5.0,2
270,吴江,1,91919191,1110702153,wangzhen218,5.0,2
271,邯郸,,非常好看，期待下一部,1110702028,CAm557834402,5.0,2
272,北京,,唐探系列牛逼！,1110700564,青衫风流,4.5,2
273,苏州,1,123现在才,1110698597,jIu920606481,4.5,2
274,长治,,超级好看，超级棒,1110700487,王L_5999,5.0,2
275,西宁,1,不错，如果剧情再充实一点就更好了,1110696691,孤独的口香糖,4.5,1
276,南京,,"非常喜欢的
",1110701070,kyki_1999,5.0,2
277,陕州区,,为何现在才评价,1110701001,twe972381571,5.0,2
278,柳州,,wanmei,1110700312,我有点火大了,5.0,2
279,诸城,,好看，很好看,1110700232,WKG119111598,5.0,2
280,盐城,1,剧情不错，推荐,1110692753,浩瀚宇际,4.5,1
281,乌兰察布,1,Fcvgtg,1110688984,白宇英,5.0,2
282,广州,,还行，不错。,1110684061,pKt991360070,4.5,2
283,呼和浩特,,好看没毛病啊啊啊,1110672686,ypo847322580,5.0,1
284,昆明,,好看呃呃呃。,1110687842,GrL944032162,5.0,1
285,西宁,,喜剧片也很好,1110676424,XDZ585348620,3.5,2
286,沈阳,,挺好的，不错哦。值得推荐！,1110687739,Lily2MJK,5.0,2
287,章丘区,,太好看了妈的我永远爱刘昊然,1110694046,lAF868193600,5.0,2
288,昆明,2,不错，情节不错！！！,1110689185,Kxv791913127,3.5,1
289,南京,,忘了，很久了,1110686698,hello你好666888,5.0,1
290,常德,,很不错，很喜欢！,1110666662,EYH852082342,5.0,2
291,运城,2,好看，很好看,1110686188,啊绿绿_,5.0,1
292,哈尔滨,,唐探系列虽有瑕疵，但值得期待。,1110681804,Evw131353826,5.0,1
293,岳阳,2,很不错！   ,1110686084,x19970305s,4.5,1
294,广州,,忘记了，身边人是谁,1110685102,Baozi7935,4.5,2
295,太原,1,挺好看的，推荐！,1110682366,佛,5.0,2
296,北京,,喜欢 强烈推荐,1110683230,歌者源小源,5.0,2
297,温岭,2,一般一般 还好,1110683226,丽丽的8877,3.5,2
298,郑州,1,加油，正在等3,1110678868,he园园laughing,4.5,2
299,韶关,2,期待着3的到来,1110680600,芥,5.0,1
300,合肥,2,好看，搞笑～,1110678832,NBA0905,5.0,1
301,成都,1,没看。浪费了,1110658860,冲出圈的野猪,0.5,2
302,盐城,,等明年的3等到花都谢了,1110682047,我偏偏不想吃饭,5.0,1
303,台州,2,很不错，值得花钱,1110681003,梦语1913,4.5,1
304,溧阳,,挺好的，蛮好看！,1110677602,OCn724021364,5.0,2
305,深圳,1,自己一个人看的,1110652798,微凉小陌,5.0,1
306,淮南,,喜欢王宝强。,1110658650,Otw574724035,5.0,1
307,赣州,2,悬念感强，有看下去的欲望，布局合理,1110677407,冷弦月716,4.5,1
308,齐齐哈尔,,挺搞笑的啊。,1110654686,VqR255930309,4.5,2
309,苏州,1,非常非常好看,1110677282,孙平Peter,5.0,1
310,延安,,恩，挺好看的。,1110677270,mcY400780044,3.5,1
311,福州,,9999999999,1110658517,陈丹娜的,4.0,2
312,合肥,,还好吧就啊嗯,1110652587,MtB561791534,3.5,2
313,郑州,2,有感人，又搞笑,1110670179,雪花飘花,5.0,2
314,顺德,,还可以吧，挺搞笑的,1110670171,MdF227859136,4.0,1
315,无锡,,很好看！！！,1110652267,梵夏.,4.5,2
316,长沙,,"非常好91
",1110664638,yqp398185401,4.5,2
317,马鞍山,,唐人街探案好看,1110568719,gKU919601356,5.0,2
318,海口,,光固化发动态翡翠城吃哦就,1110664542,OUy多多益善,4.0,1
319,银川,,一般吧，没有期望的高,1110646451,刘涵。,3.0,1
320,伊宁,,一如既往支持昊然弟弟，棒棒哒,1110664078,hbe217566088,5.0,2
321,太原,2,环境不错，挺好的，电影也很好看,1110663173,哇咔咔girl,5.0,2
322,沈阳,,期待三。。。。,1110657911,一种伤痛,5.0,1
323,三明,1,919191,1110659801,智哥哥哥哥哥,5.0,2
324,临安,,好看，期待3,1110653952,刀刀真当乖537,4.5,2
325,长沙,2,还可以，挺搞笑,1110653877,嘉妹儿er,3.5,2
326,东方,,不喜欢王宝强,1110656593,FgK848420887,4.5,1
327,东莞,2,好看，那是第一次看唐探,1110657213,Atina杨,5.0,2
328,北京,2,第一部好看，第二部很尬，这么高的票房是情怀在支撑,1110655580,Ariel在梦里……,1.0,1
329,三亚,,特好看!!!,1110657104,米温柔.,5.0,1
330,毕节,,挺搞笑………,1110650731,rIs523938197,4.0,1
331,北京,2,帮帮哒，下次还来,1110630070,筱dd,4.5,2
332,邵阳,,唐探三怎么还不出来！！！,1110648935,oDi947527879,4.5,3
333,深圳,2,非常适合年轻人看,1110635434,gkv938001917,0.0,2
334,大庆,,回来了就没想好想带,1110647928,Tmu681426627,4.5,2
335,十堰,1,很棒，很搞笑。,1110649474,zOR157817190,5.0,2
336,松原,2,挺好看的！！！,1110650208,Iih809114567,3.5,2
337,昌吉,,好看，好看，,1110648408,jlN108056296,5.0,2
338,广州,,好看但是那个她已经不在了,1110647462,PfO685764428,4.5,1
339,绵阳,,挺好看，推荐,1110645757,Juanabcdef,4.5,1
340,三门峡,,很搞笑，还可以,1110644813,shaolin52183,3.5,2
341,中山,2,不错不错，。,1110636144,TrM432984661,5.0,1
342,文山,,法回去看吧早？好了跟你说的吧呗又,1110644718,rMy178022164,4.5,1
343,柳州,,支持，出下一部还会看,1110643960,掰掉你de内内,5.0,1
344,天津,1,haikeyi,1110644530,低调丶承诺,3.5,1
345,巴彦淖尔,,好，挺值得去看的,1110642690,_qqwz61441286241,5.0,2
346,户县,,还行吧。。。。,1110627391,bqy117777627,4.0,2
347,江阴,2,电影挺搞笑的,1110627378,mm52520,4.5,2
348,北海,,很喜欢，非常好看,1110641741,HomerV,5.0,1
349,深圳,,好看，值得推荐,1110644028,houliyun2532,4.5,1
350,汕头,1,好看，也挺搞笑的,1110638981,、【阿斌】,4.5,2
351,顺德,2,挺搞笑的 继续支持,1110638976,hct255115509,5.0,2
352,上海,1,真的很好看！,1110640455,VyvyanYueh,4.5,2
353,兰州,,挺好看的，可以,1110640379,lilygaogao,4.5,2
354,黔东南,,不错，爆笑 ,1110627049,HHe711075346,3.5,1
355,昆明,,好看好看  ,1110631664,kqF144307555,5.0,1
356,西双版纳,,不错！很搞笑！,1110626891,大阿哥YY,4.5,2
357,汶上,,好看，感人，继续加油(25 6106_6107)25,1110626744,我心飞翔7116,5.0,1
358,巴彦淖尔,,好看96好了,1110624743,QlW925608951,4.5,2
359,中山,,好好笑  支持,1110628356,蓝・含光君・忘机,5.0,1
360,西安,,很好，挺逗的,1110624623,bIu350166107,5.0,1
361,贵阳,,值得表扬的电影,1110628247,橙晨c,4.5,2
362,承德,,乱乱的，不太喜欢,1110598314,丹丹淘1987,4.0,2
363,杭州,,好看，好看，,1110622487,qYA273743297,4.5,1
364,永州,,坐等第三部剧,1110620644,正儿八经小青年i1,5.0,1
365,长沙,2,很好看很好看,1110616712,SSSHIHAN,4.5,1
366,北京,1,女装记忆深刻,1110603389,山色入孤舟,4.0,1
367,开封,2,"好好90！
",1110603366,CYl442397131,5.0,1
368,东阳,2,挺好看的 不错哦,1110567958,六六刘。,5.0,1
369,重庆,2,很好，搞笑！,1110612774,pDF211657687,5.0,1
370,红河,,还行，还可以的,1110613487,jNi984602129,5.0,1
371,昆明,2,刘昊然好帅电影很好看,1110611574,.,5.0,1
372,哈尔滨,,满意，挺好看的,1110595424,zDc819988981,3.5,2
373,杭州,,很久之前看的了,1110611525,hhp359712610,5.0,2
374,郏县,,超级推荐！！！！,1110612403,五百九十三,5.0,2
375,巴中,,可以，欢迎观赏,1110589758,xeI959702973,4.5,1
376,巴中,,可以，欢迎观赏,1110595354,xeI959702973,4.5,1
377,庆阳,,挺好的90！！！！,1110608797,rJw941893537,4.5,3
378,广州,,好看呀～精彩,1110612178,Katrinana6688,4.5,1
379,东莞,,搞笑，激情澎湃,1110610529,成安良,5.0,2
380,淮南,,还行吧，老挑食了,1055333249,杰哥威武不凡哟,5.0,1
381,宁波,,改变下学习惯了晚睡觉得,1110567677,南山孤桐,4.5,1
382,焦作,,还好吧，挺感人的,1110595032,LKP700320744,5.0,1
383,遵义,,9690969690969690,1110505808,雨婷宝贝爱吃饭,5.0,3
384,乌鲁木齐,,依旧好看，非常喜欢,1110602924,cXG674367411,4.5,2
385,大连,1,非常的精彩！,1110589371,love俊哥888,5.0,2
386,崇明区,2,h62d62j62f62j,1110606023,tao290957555,5.0,3
387,通化,,好看。值得一看,1110606002,腾飞7377,4.0,1
388,哈尔滨,,好，能拍的这么出色有点意外，希望有续集,1110607041,nUA807406641,5.0,1
389,贵阳,,看了第一部后，第二部也不错过,1110601961,CVA832404765,3.0,2
390,成都,,好看，我初恋男神,1110600726,meituang677,4.5,3
391,临海,,我女儿点名要看的，真的太好笑了,1110604227,陈小肆思蜜达,5.0,2
392,凯里,,高考前最后的,1110602252,ggc806695458,4.0,1
393,宿迁,2,好看的电影。,1110602157,hqwyx_,4.5,2
394,东莞,,挺好看的，后面有点硬凹欢乐场景,1110604029,xyf480696903,4.5,2
395,北京,,有点儿……迷,1110589081,Nne15210740,5.0,1
396,呼伦贝尔,2,真爱电影！满分满分满分,1110594770,就像个恶魔,5.0,2
397,贵阳,,好好吧唧一口,1110599101,Tragic.11,5.0,1
398,灌云,,我已经哦哦地推剪头,1110567326,WvD869797662,5.0,1
399,上海,1,挺搞笑的！！,1110569843,JULy5401,5.0,2
400,成都,,雪咯问候语兔子,1110591980,CAruii,4.5,1
401,贵阳,,唐人街探案都是非常不错的,1110591460,SUPER_YANYAN,5.0,2
402,重庆,1,挺搞笑的哟哟,1110586974,wangxiaohualove,4.0,2
403,长春,2,我太喜欢了真的,1110586471,李雪玲啦啦啦,4.5,1
404,海口,,很有趣！！！,1110586248,莜瑾萱,5.0,1
405,上海,2,好看。。。。,1110585256,yoha晨,4.0,2
406,横店,2,haokan,1110578568,关于啊静,5.0,2
407,无锡,1,还可以还可以,1110583095,HeZ507026869,5.0,1
408,石家庄,,还是可以的 ！,1110578481,nkI750181893,4.5,2
409,福安,,还OK啦。。,1110575999,tGS951243877,3.5,2
410,连江,,不错好看极了,1110574961,晶4224,4.5,1
411,临沂,,笑点太多了。,1110575680,男子格调,5.0,1
412,宁波,,一个人要做朋友也,1110575451,他要上天,5.0,2
413,平江,,好纯纯粹粹过,1110561201,sev210419079,4.5,1
414,青岛,2,超级好看，特别爱看,1110570821,ljp685344616,4.5,2
415,韶关,,还可以把 hi明敏明明,1110570727,小头番薯,4.5,2
416,扬州,,有意思不错，很好看的电影,1110572524,根根仲,5.0,1
417,武汉,,哈哈哈哈很好看,1110558229,linglunglili,4.5,2
418,郑州,2,很搞笑的一部影片，期待下一部,1110561008,H相濡以沫,5.0,2
419,三亚,,好看的乱七八糟,1110556085,andylinxf,5.0,2
420,信阳,,爱了爱了真好看,1110571256,Hev301955567,4.0,1
421,洛阳,,剧情紧凑，虽然不喜欢陈思成，但是不得不承认他导的电影很好看！,1110562676,徐冉295,5.0,1
422,济南,2,作为喜剧还是很不错的，推理部分薄弱了点,1110563649,zpd600770663,4.0,4
423,长沙,,好看，好看96,1110562444,昔我往矣隔壁老王,5.0,2
424,渭南,,非常hao62la,1110540795,Ryc285134474,4.5,2
425,深圳,1,感觉还可以咯,1110559700,奶油布丁蛋糕,4.0,2
426,莆田,,请问特效何在，很一般,1110563183,孜然刨冰,3.0,3
427,长沙,,挺好的。。。,1110540669,wyj583803537,4.5,1
428,义乌,,大家赶紧去看，这也太搞笑了吧。,1110559407,康体91号,5.0,2
429,昆山,,很好看，很搞笑,1110560368,aimi艾米198511,5.0,1
430,平顶山,1,电影非常好看,1110555601,诺5985,5.0,1
431,垫江,,好看价格便宜,1110532994,vLX110556305,4.5,1
432,兰州,,挺好玩得一部影片。,1110557567,飞廷1999,4.0,4
433,海口,2,好看，不错，,1110557526,性格霸道小女人,4.5,3
434,昆山,,非常的不错期待3的上映,1110532940,ubz618781676,4.5,1
435,鄢陵,2,不错嗯呢嗯额,1110539544,艾米儿7,5.0,2
436,开平,,好看的，很搞笑！,1110555316,INl248927472,3.5,1
437,上海,,可以去看看。,1110555208,有一个我Zxh,5.0,1
438,成都,,挺好      ,1110544232,wwwpwpwp,4.5,1
439,上海,,还行吧，支持一下,1110551981,liming浪子心,5.0,1
440,海安,2,等了很久的第三部，很期待的,1110549906,阿莹、,5.0,1
441,哈尔滨,1,不写不让评论！,1110553432,丶彩虹se,5.0,1
442,海口,,"好看非常好看
",1110553393,MtV566589174,5.0,3
443,荥阳,2,灰常好看的片子,1110502937,vHp257108612,4.5,1
444,广州,,超好看哦、……,1110548954,xi990826,5.0,1
445,长沙,,极力推荐，很好看，服务道具很高，心情很高，清节感人,1110548910,XZE414932887,5.0,2
446,岳阳,2,可以去看看，  拍的挺好的                  ,1023148553,RCU482517325,4.0,2
447,长沙,2,“呼呼呼呼人”,1110548611,wang116691an,5.0,1
448,百色,2,一般还行吧。,1110525906,阿乖姐姐,3.5,2
449,株洲,,还可以吧其实,1110546730,杨千玫挠,5.0,2
450,新乡,,喜欢这部电影,1110543830,mDC759676807,5.0,2
451,盐城,,非常值得一看的电影,1110546615,yqR864201949,5.0,1
452,六盘水,1,没什么感觉。,1110545242,EQi624172426,3.5,1
453,重庆,,哈哈哈，笑死人了,1110541696,jukizy,3.5,1
454,昆明,,期待第三部到来,1110542260,JHGTXY,4.5,3
455,乌鲁木齐,,9797979797,1110523466,eBr911177697,5.0,2
456,南通,,期待第三部哦,1110536449,jvQ729884375,5.0,2
457,上海,2,感觉96好看(1711ω1117)1779,1110531737,CC68574,5.0,2
458,丹东,,非常humorous,1110531336,123尘埃,4.5,2
459,遵义,,还不错啊！好的那套价格高,1110527985,nHB521741696,3.5,1
460,包头,1,还行吧，一般,1110531085,怒焰饕餮,5.0,2
461,惠州,1,还可以啊啊啊,1110529476,Mr°deng,5.0,1
462,营山县,,期待唐街3！,1110526985,立誓吃遍天下美食,5.0,2
463,大连,2,不错，挺好看的！,1110529423,sunlinmei1210,5.0,1
464,成都,,很棒喔，全程笑点,1110524969,mak297845718,5.0,2
465,连江,1,很搞笑很好看,1110526645,dhero365,4.0,1
466,抚顺,,片子不错。期待三,1110527368,Tina瑶小瑶,5.0,2
467,长春,,好看 好看 好看 一如既往的好看 ,1110524212,psyliusu,5.0,1
468,沈阳,,很好看的电影,1110518400,Lisvnda,5.0,2
469,阿勒泰,,还好吧～还挺娱乐的,1110504458,gnR162863709,4.0,1
470,宁波,2,好看，刺激，值得一看,1110515466,陈沛露,4.5,1
471,沈阳,2,幽默中令人悬疑，有很强的求解感,1110489943,slnnnnnnnll,5.0,1
472,临夏,,不错，挺有意思,1110511749,URx537664549,4.5,1
473,沈阳,2,好，这是啥时候的事,1110486884,念920421,5.0,3
474,无锡,,看完这部电影让你心情舒畅一整天。,1110506750,oqh345113027,4.5,2
475,南昌,,好看的点赞噢,1110507563,HB高雅的尾草,4.5,2
476,上海,,期待下一部作品,1110510128,YIBOXZ05,4.5,2
477,柘城,2,还不错，挺搞笑的一部电影,1110500973,FeL544688890,4.5,1
478,长沙,,非常的喜欢真的好看,1110501821,徐万祥xwx,5.0,2
479,西安,,好看好看(1711ω1117)1779,1110498785,IjQ480900037,5.0,2
480,鹤壁,,很好看啊！期待三,1110498553,琪琪的梨涡,5.0,2
481,大理,,全程都有笑点 ,1110498493,罢瞎闹cjj,4.5,2
482,成都,,一般，，，，,1110497655,NanaSimba,3.5,2
483,扬州,,非常好看的系列电影，期待第三部的上线,1110486286,Qin680453510,4.5,2
484,成都,,好看，刘昊然太帅了，剧情引人入胜,1110472217,权18羽19,4.5,1
485,西安,1,感觉很好，，,1110497170,丁晓楠d,5.0,2
486,淄博,,还行吧，很多人都喜欢这个系列，看个人喜好咯,1110495714,佳芙,3.5,2
487,岳阳,,挺好看的！？？,1110472182,baA52423580,5.0,2
488,义乌,1,已阅同意不错,1110494403,鬼谷无双a,3.5,1
489,贵阳,2,很喜欢王宝强。,1110495232,gvL332275941,5.0,3
490,永康,2,冲着刘昊然去看的，哈哈,1110472085,知你故来风Zz,5.0,2
491,佛山,,比较喜喜欢，值得观看,1110467832,PtG101387975,5.0,1
492,济南,1,很好看！！！,1110487514,MrCYin.,5.0,2
493,三河,,期待唐探3.,1110479126,郝锐rui,4.5,2
494,济南,2,还不错哦！！,1110485724,小鸟爱奔跑,4.5,2
495,延安,2,好看的，很喜欢,1110487275,PzZ0714,4.5,2
496,巩义,1,情节衔接很好，还行。,1023161499,门吉木灬,4.5,1
497,新乡,,好看期待3进行中,1110485229,桑薇的蓝色,4.0,2
498,上海,,太好看了太好看了,1110483337,Vee268297575,5.0,2
499,临沂,,真好，期待三,1110485054,ohm420958994,5.0,1
500,张家界,,好看的，现在在等3当中,1110480019,女汉子大雨,5.0,2
501,西安,,好看，很适合过年期间上映必看的影片！,1110466168,天线宝宝橘子,5.0,1
502,长春,,每年都得看 特别好看,1110382744,粉闪闪88,4.5,3
503,上海,,挺不错的！！,1110476305,QVe743876288,5.0,2
504,常州,,haokanhaokanhal,1110475509,Tu火火,5.0,2
505,呼和浩特,1,好评，期待第三部,1110476159,pwr12315,5.0,2
506,上海,,垃圾……我也想,1110469952,PRw199502557,3.5,2
507,北京,,好看 好看。好看,1110476005,piI15492346,5.0,2
508,西安,1,我的确是个很喜欢的,1110474165,馒头成1022,5.0,2
509,深圳,,好很多不错很多,1110468875,oAW722186550,4.5,1
510,杭州,,太好看了希望出三,1110460054,尼加拉瓜公主,5.0,3
511,吉林,,好看      ,1110469131,屿鹿南鸢,5.0,1
512,潍坊,,还不上映3啊，期待啊,1110463860,一只矮胖胖,5.0,2
513,深圳,2,一放假都在你的快递,1110454392,yh18820619131,5.0,1
514,上海,,非常好看完美,1110459455,迷失丶2018,5.0,1
515,桂林,,一部值得看的电影。,1110455633,DRo178236367,5.0,2
516,宝鸡,1,还不错…………,1110440465,曰天大魔王,4.0,1
517,阜阳,,很棒 每部必追,1110459008,Mimixu1,5.0,3
518,沧州,,电影不错！挺有意思,1110458221,加油.2018,5.0,2
519,铜梁,1,期待唐三0000,1110450741,Tr_Cx,5.0,1
520,随州,,好看的不得了,1110452331,Vts724521060,5.0,2
521,哈尔滨,1,还是不错的。,1110450333,abS903596163,5.0,1
522,中山,2,很好看，一家人一起看,1110449057,落雪飞花燕猪,5.0,2
523,佛山,,很好看哦(07-ω-`),1110433172,lPb146878313,4.5,2
524,武汉,,好！…………,1110442641,鬼束樱子,4.0,2
525,上海,,烤鱼不错9191,1110443422,阿友恶魔,5.0,1
526,贵阳,,好看很棒很nice,1110382179,闲客H,5.0,1
527,深圳,1,9199919991999199,1110442044,漠无敌,5.0,1
528,兴安盟,2,不错96好看,1110441090,hca931492583,5.0,2
529,昌吉,1,"I am catastrophically in love with you.

―Cassandra Clare, Clockwork Princess
“我爱你爱得要命。”",1110439570,妥先森,5.0,2
530,银川,,很好看的，大家关注,1110436658,yhx624583795,4.0,1
531,芜湖,,好看还用说吗,1110407335,沈墨麟非,5.0,1
532,陆丰,1,很棒！！！！,1110437309,蔡菜市场,5.0,1
533,南京,,我们是过年看的，很搞笑，但是破案的过程又很精彩。演员演技都在线，拍得也挺好，总之很满意。,1110439245,兔子夫人miss,5.0,1
534,长春,1,没啥意思，一般,1110434487,GaE860133075,3.5,1
535,成都,1,几年后的影评,1110435467,fYc520681240,4.5,2
536,东莞,,好看加油(25 6106_6107)25,1110439064,Guncharlie,4.5,1
537,上海,1,不错的电影，挺好的电影,1110434061,alanwoo,4.0,1
538,泰兴,2,期待唐人街探案3,1110430450,顾斯拉宅又腐,4.0,1
539,泉州,2,太久了忘记剧情了 不过还是值得的,1110430422,峰啊_,4.0,1
540,随州,1,好看，很不错,1110430363,勿忘初心为最,5.0,1
541,成都,,一般般吧吧，,1110319948,XAn925846477,2.5,2
542,杭州,,特别棒哦朋友们,1110423629,calmness夏,5.0,1
543,合肥,,挺好看的，值得拥有,1110410367,清衫度,5.0,1
544,镇江,,非常好看。行,1110397744,ERD658665272,5.0,2
545,唐山,2,真不错。嗯嗯。好。,1110415911,Matherkiller,4.5,1
546,衡阳,,好看的电影。,1110414321,bSC752749683,5.0,1
547,天津,,很好看，还想看,1110403061,CcW299417232,4.5,1
548,长沙,,好看，期待第三部,1110406779,遇见快乐i,4.5,1
549,长春,2,刘昊然太帅了吧！！！女装绝了,1110409463,M北甜,4.5,2
550,晋城,,脑洞大开，突破,1110405486,vzV786950149,4.0,2
551,毕节,,我们的生活方式是,1110408397,骨头一侠,5.0,3
552,安陆市,,看了几遍，还是觉得好看,1110409087,Wy1512020658,5.0,1
553,廊坊,,一直比较喜欢的,1110408231,fuG962397613,4.5,1
554,昆明,,很不错的啦啦啦,1110405018,oTF883078139,4.5,1
555,长沙,,很好笑剧情也挺好,1110402811,aws600022954,4.5,2
556,平罗县,1,宝强哥应该镶个大金牙,1110401631,lmh830479346,4.0,1
557,重庆,1,不错，很好看。,1110402676,wutc501,5.0,1
558,天津,,喜欢很好不错,1110399748,yFk966938000,4.5,1
559,辽阳,,很喜欢看，挺好,1110376167,柠睿666,5.0,1
560,吉林,1,和前任一起去看的，可是后来，就没有后来了,1110384453,晓辉儿！,5.0,1
561,德州,,IPO明敏校讯通,1110399250,Rvz383837436,5.0,1
562,牡丹江,,还行。还行。,1110373995,IHD634831312,5.0,1
563,济南,,期待今年过年的三啊,1110368975,乌鹊南飞owo,5.0,3
564,成都,,不错，非常好看,1110398173,Zxy796521421,5.0,2
565,岐山县,,只是想给一个好评,1110393941,ZL1102430005,5.0,1
566,深圳,,好看，精彩，有点元素,1110393874,Ithurts,5.0,2
567,绍兴,,是相当舒服想起,1110368860,已有傻猪很美很乖,5.0,2
568,庆阳,2,很好看，加我,1110373656,gdq168839773,5.0,2
569,启东,,蛮好的，好看的,1110389626,ywl4888,4.5,1
570,天津,1,很好看，有时间去看,1110388679,cDB799499150,5.0,2
571,北京,,过年必看之剧目,1110373267,rusty,5.0,2
572,成都,,非常非常的特别,1110368314,lilyinjure,5.0,2
573,淮安,,很好看 值得推荐,1110381943,KbT344178649,5.0,1
574,长治,1,胡萝莉控我只是说说,1110383666,只任她闹853,3.5,1
575,北京,2,电影故事情节特别好,1110375970,luoyi777,5.0,3
576,成都,,好看剧情搞笑,1110380242,FAv577337458,4.5,1
577,北京,,这非常有趣啊,1110381106,摸金校尉倒海斗,5.0,1
578,常州,,挺搞笑的 好看,1110374183,fjD215683262,4.5,1
579,淄博,1,期待 下一部,1110369578,杜宇文程,5.0,2
580,绵阳,1,这是4个字啊,1110365289,流星牧雨,4.5,1
581,石家庄,1,好看的电影爆笑段位很多,1110362492,痴当代,4.5,1
582,乌鲁木齐,,还可以吧，大牌明星82,1110362427,micky翔仔,4.0,2
583,北京,,忘了和谁看的了,1110353152,高冷的董佳伟,4.5,1
584,即墨,,一开始是因为徐峥去看的，后来发现是一部真正的好片子。,1110361450,杨阳yyyyyes,5.0,1
585,通辽,,期待第三部！,1110362069,金世安,5.0,1
586,抚顺,,值得推荐一下,1110356755,Zhao小,5.0,3
587,昆明,,好好(7070),1110359668,sly211435749,4.5,2
588,常州,,不错挺好看的小孩喜欢,1110347292,VOc716401391,5.0,1
589,蚌埠,,不错 很好看,1110348949,Mr丶周wq,4.5,2
590,江津,2,针不戳针不戳,1110349509,Healer.break,5.0,3
591,邯郸,1,和当时的女朋友一起看的，觉得还是不错的，可惜了,1110340103,殇城旧,4.5,1
592,聊城,,唐人街探案系列片，可以,1110350136,yIb920617718,4.5,2
593,成都,,期待唐三来了,1110350026,BmW933965050,4.5,2
594,梅河口,2,好看hk hk,1110348311,yim150958753,4.0,1
595,乌鲁木齐,2,情节很感人，非常的好,1110345930,舞3183,5.0,2
596,大石桥,,……0505,1110312414,彼岸花丶HH,5.0,1
597,东营,1,牛逼克拉斯了,1110345490,往事随风zxcv,4.5,1
598,重庆,,好看，还不错90,1110341792,y345184460,4.5,1
599,沈阳,,超级好！值得表扬,1110343362,小手冰凉冰凉冰凉,5.0,1
600,广州,,还是无厘头的搞笑。,1110312312,qtW525446747,4.0,2
601,鸡西,2,很喜欢的演员，很棒的电影。,1110341422,大爱可昕,4.0,1
602,深圳,,剧情精彩，喜欢这种悬疑剧，环环相扣,1110341204,vWH829596112,5.0,1
603,南昌,2,看一的时候就想二会是什么节奏，看了之后果然让人觉得不负期待，甚至比第一部还好，现在在等三，超级期待三的上映,1110336751,罗欣茹,5.0,1
604,东莞,2,好看 王宝强加油,1110335806,calice1314,4.5,2
605,兴义市,,还行吧，感觉没第一部好看,1110337523,Wx51700,4.5,2
606,海口,,非常好看的电影,1110338434,QQD1127,5.0,2
607,重庆,,搞笑 值得推荐,1110335339,WGO873915260,5.0,3
608,鹰潭,,第三部快点来吧,1110339014,uuB425204289,5.0,2
609,北流,,g62hjk62d62k62k,1110314552,忘川恶鬼,4.5,2
610,深圳,,忘记了，哦哦哦,1110328826,爱（情有独钟）,5.0,1
611,北京,,挺好看的很棒,1110332418,YCO663351385,5.0,1
612,江门,1,很搞笑，非常期待第三部,1110249452,旭~,4.5,4
613,西宁,,笑点很多，看完超级开心,1110331345,Gsa821802398,4.5,2
614,福州,,好看！！！！,1110326916,QQ,5.0,2
615,沈阳,,很可以很可以,1110324965,GcI836807211,5.0,2
616,嘉善,,好看，精彩，,1110314121,W.F700,4.5,2
617,郑州,,期待下一步作品,1110323770,热心市民高老板,5.0,1
618,青岛,,挺好挺好看的,1110301763,_weixin818886822,5.0,1
619,响水,1,期待，非常期待的电影,1110324123,玟玖i,5.0,2
620,沛县,1,还可以，，，,1110320664,songyang2845,3.0,1
621,银川,,好看，期待下一部,1110324084,xvc839629918,4.5,2
622,天津,,非常好看，我很喜欢。,1110318866,阿帆叭叭,5.0,2
623,济宁,,推荐给你看看,1110318816,劲风020917,5.0,2
624,苏州,,很好看。故事情节很连环！！！,1110301427,RNw730557708,5.0,1
625,芜湖,2,很感人，好看的,1110313753,jingyangfan,4.0,2
626,义乌,2,很值得观看。。,1110318350,阳5446,5.0,2
627,重庆,,很好看哈哈哈哈笑死我了,1021060701,朕乃李大大,5.0,1
628,北京,1,好看     ,1110311648,Wfb721701478,5.0,2
629,朔州,,939393,1110306984,心＠无名＠,5.0,2
630,黄冈,,都挺好 很喜欢,1110301117,谁的鱼a,5.0,2
631,阜新,2,挺好的，很不错,1110296247,小球子呼呼,5.0,2
632,黔西南,,好看非常好看,1110297225,文豪1968,5.0,1
633,鄱阳,,一般般吧，哈哈哈,1110297131,叫我李爸爸.,2.5,1
634,常州,2,非常好看！！,1110296110,王靖瑶宝宝,5.0,1
635,东营,2,电影非常好看，推荐,1110306126,深爱不弃00000,5.0,1
636,海门,,不错    ,1110305249,天WIN,0.0,1
637,南京,,带着孩子一起看的，儿子吵架喜欢王宝强，电影拍的也超级棒,1110304575,qJc391102447,4.5,1
638,诸暨,,好看，值得一看,1110290292,GDA795524558,4.5,3
639,天津,2,挺好看的 挺好,1110302777,可爱的孙蹦蹦,5.0,2
640,兰州,,"
很好看不错",1110304294,rongyi000000,5.0,1
641,深圳,,真的很不错！,1110302592,YHb297046330,4.5,2
642,上海,,很好笑，贺岁电影棒棒,1110299302,YC成福,5.0,2
643,大足区,,比较轻松愉快,1110298691,xmY215459288,4.5,1
644,兰州,,真的特别好看,1110298683,uaI962696874,4.5,1
645,淄博,,好看啊啊啊啊,1110276478,爱络851005,4.5,2
646,通海县,,一般般，，，,1110291891,SDj183652894,2.5,1
647,宁波,2,好的期待下一部,1110270652,Fqw453735626,4.5,2
648,惠阳,2,挺好 不错  ,1110254604,羽,5.0,1
649,贵阳,2,好看 非常好看,1110291175,柠檬C怡,5.0,2
650,晋中,,和老公一起看的，不错的电影，搞笑，好看,1110287467,茉莉花51788176,4.5,2
651,杭州,1,溜了溜了，睡觉了啊,1110286417,姚钱树686,4.5,2
652,石家庄,1,电影很好，很开心,1110287039,Gds494918873,4.5,1
653,吕梁,,感觉挺不错的,1110270198,hpO374587582,4.5,1
654,杭州,2,很搞笑。也是比较有趣。,1110281522,mei0864,4.5,1
655,乐亭,,还可以吧，挺好吧,1110281404,高兴就好0203,5.0,1
656,吉安,2,还可以，不错,1110282316,osz530225680,5.0,1
657,宁海,,超级无敌好看,1110279328,QqK918376118,4.5,1
658,兰州,1,简直了。组合牛,1110261682,bEK940117395,5.0,2
659,运城,2,是否还没有这么好看,1110279283,宋宋521521,4.5,2
660,沈阳,2,很不错！！！！！,1110258591,许安然888,5.0,1
661,西安,,一般般！！！,1110275806,jPv878478367,3.0,2
662,杭州,2,期待下一步。,1110269986,女皇陛下Mamie,4.0,1
663,乌鲁木齐,,很好，值得推荐,1110274043,古月林夕匕禾页,5.0,2
664,腾冲,,还好吧，更喜欢第一部,1110269730,familyzpdj,4.0,1
665,咸宁,,整体感觉不错,1110266661,Lzz550,5.0,1
666,上海,,好看，值得推荐,1110265742,柯南328,5.0,4
667,顺德,2,挺好看的，谍爷欺负的剧情,1110269225,w197f,4.5,1
668,荥阳,,好看 值得推荐,1110266534,jpY385138944,5.0,1
669,泉州,1,好看啊！！！！！,1110267374,蜀宇丹秋,4.5,2
670,通许县,,啊啊啊啊啊啊啊！！！！被逼无奈的心情,1110262812,书他的,3.5,1
671,营口,1,很期待很不错期待三,1110259914,阿K！,5.0,2
672,广州,1,好看好看～～,1110263427,你的模样mm,5.0,2
673,齐齐哈尔,1,超级搞笑，期待第三部的到来,1110263140,love木子济,5.0,2
674,安顺,,真好，优秀。,1110239647,我的卡路里,4.5,2
675,金坛,,一般般的好看,1110239569,GRo443268030,3.5,1
676,沈阳,,非常好看，值得一看,1110251591,西瓜2513,4.5,1
677,西宁,,挺不错的下次还会回购！,1110247457,等deng你ni,4.5,1
678,佛山,,Nice....,1110248077,Cxmwql,5.0,2
679,广州,2,很搞笑哦，值得一看,1110246512,mengwanzi,4.5,1
680,郑州,1,可以的不错不错,1110246434,佩奇饿了么,4.5,3
681,北京,,还差还差怕哈哈哈,1110242586,msD481864060,5.0,2
682,醴陵,,天哦了也就完咯咯啦,1110186113,xj肖俊丶,3.5,2
683,眉县,,一般，不是特别喜欢,1110243137,GQY838480987,4.0,1
684,成都,,可以看！他说可以,1110243054,一个刘刘刘,4.5,2
685,漯河,,好看，搞笑。,1110236908,yan521love,5.0,2
686,庆阳,1,特别逗得喜剧，我喜欢里面的人物细节～,1110238790,Mr Sun,5.0,1
687,阳泉,,可以不错喜欢,1110242009,MEm784903081,5.0,2
688,宁波,,好的，很好91,1110237471,鞋帮盈盈,5.0,1
689,鞍山,,好看，特别棒,1110237386,樱桃小丸子342,5.0,2
690,郑州,2,有点恐怖 我弟一到害怕的点就拉我的手,1110236458,YwJ828754985,4.5,3
691,三门峡,2,喜欢96很不错,1110234268,aby387100637,4.5,1
692,中山,2,9898989898919191,1110230779,黄子桐amy,5.0,2
693,南通,,不错，继续保持,1110228955,aEM753027817,5.0,3
694,银川,,大伙都来看吧非常不错,1110229515,gVS282418450,4.5,2
695,沈阳,,外瑞古德，，，,1110229240,斗战胜佛爱孟婆嗯,4.0,2
696,重庆,,很不错。。。。。,1110201913,winter艳子,4.5,1
697,襄阳,2,影院效果不错  环境也不错 没有异味 ,1110220878,星xr如,5.0,1
698,巩义,,很棒的剧情特别推荐。,1110223609,澄澈丨,5.0,1
699,贺州,,好看，不如错过，还没看的赶紧排队,1110195958,qoZ98777847,5.0,1
700,清远,,挺搞笑的，笑过就没内容了,1110223272,JBn922456432,4.0,2
701,莆田,2,好笑09，依稀还记得,1110207292,QHV44379936,4.0,1
702,南通,,剧情很不错哦，我很喜欢,1110219682,Uem737096662,5.0,1
703,海口,2,不会是你老婆我不会,1110191217,vvzzl,4.5,1
704,铜陵,,好看，喜欢这类电影,1110215640,做好自己2268,4.0,1
705,哈尔滨,1,13568局域,1110216412,China野狼,3.0,2
706,成都,,特别好看9696,1110219057,叶、ym,4.5,1
707,南京,,记不得了啊。,1110214172,AGU576369960,4.0,1
708,重庆,,挺好看的不错,1110209700,fMu324277151,5.0,2
709,济南,,赞9199！,1110210629,仙杜瑞拉呐,5.0,1
710,辽源,,看完就想看3,1110210567,aQm924026751,5.0,2
711,毕节,,挺好看的，期待第三部,1110206967,FIG639740433,4.5,2
712,安康,,可以。。。。，,1110208429,GXk230874917,4.5,4
713,哈尔滨,2,喜欢看这种类型的 期待有更多作品,1110205874,cpc7214755719372,5.0,1
714,厦门,,不错哦哦！！,1110206243,oTY133472234,5.0,3
715,绵阳,,非常好看哦，哈哈哈,1110206103,月亮之子哟,5.0,2
716,南通,2,很好看，喜欢,1110197941,爱吃鱼的狼粑粑,4.0,3
717,四平,1,919191,1110197788,樟渔,5.0,3
718,兰州,,93939393,1110198309,QKu860515720,5.0,2
719,昌吉,,很好看    特别搞笑    比1拍的好,1110194764,nuI168072624,5.0,2
720,连云港,1,好的时候了吗丁啉,1110176515,大陆男神,5.0,1
721,平罗县,,还可以吧，挺好,1110193408,OhR913749939,4.5,2
722,苏州,2,行吧你呢可以看看,1110156487,~落美心,4.5,2
723,上饶,1,不好看，一般般吧,1110182049,Zma967440912,3.5,1
724,廊坊,,真的非常好看,1110189439,mto375732633,5.0,2
725,武汉,,喜剧让人心情愉悦,1110185674,习惯变成自然,4.5,2
726,咸阳,,还是没有辜负期待,1110156313,戒！！！,4.5,2
727,肇庆,,还是不错的！,1110190181,VnK249273026,4.5,2
728,武汉,2,期待了一年的唐探三,1110181872,||玮,5.0,1
729,咸宁,,还不错的电影，谢谢,1110181745,aED749097966,4.0,1
730,无锡,,推荐，推荐，值得看,1110179880,pUz468974404,5.0,1
731,淄博,2,好看，好看极了,1110181571,栗小娜,4.5,1
732,合肥,,好看，推荐一下,1110164514,huoxingdehuali,5.0,1
733,吉林,,宝强太傻，傻到绿了都不知道。,1110180453,iJb989892360,4.0,2
734,南京,,不知道说什么,1110178622,RMp592314384,4.0,3
735,运城,,非常好看，赞,1110178601,李七六,5.0,2
736,乌鲁木齐,1,还可以，影片比较好看，还是喜剧风格,1110179314,xb190261266,4.5,1
737,东台,2,好看 超级搞笑 迟来的评论,1110122047,吹熟悉的晚风,4.5,2
738,中山,,冲着王宝强来的,1110171580,DTe141304143,4.0,2
739,伊宁,,挺好看的。。,1110145969,zFD750598694,5.0,1
740,营口,2,好看，期待3,1110172141,梅子6864,4.5,1
741,新密,,电影比较有意思,1110169521,lBu619514075,4.5,2
742,乐清,,还可以，不错,1110167528,LsJ834058581,5.0,2
743,无锡,,非常好，下次,1110169365,m来点美食778,5.0,1
744,沈阳,,我们的生活方式是什么时候回来,1110170098,ouv963218609,5.0,2
745,长春,,好看，期待三,1110165408,JudyD1208,5.0,2
746,铜川,,还是第一部比较好看,1110167038,eZg851578811,4.0,1
747,双峰,,好看。     ,1110161880,OBaby婷,4.5,3
748,北京,1,作为搞笑片来说，几乎可以打满分。,1110167023,辰谙Jony,4.0,2
749,武汉,,好看的一比哦,1110166334,Akh250936390,5.0,1
750,柳州,,特别特别好看,1110142358,ivX546029366,5.0,1
751,烟台,,至少需要15个字的评价，至少需要15个字的评价,1110152825,吃面条的小二子,5.0,1
752,张家港,,好看。。。。,1110155339,浅浅遇卜,5.0,1
753,株洲,1,很好看的电影,1110153004,HanLINGxian0,5.0,2
754,侯马,,我喜欢这种没有压力山大的电影,1110150006,odn282849081,4.0,2
755,淄博,,特别好看，非常好看,1110149288,cAn128842175,5.0,2
756,上虞,,感觉挺好看的，搞笑,1110149216,csU696621224,4.5,2
757,顺德,,挺好的。。。。,1110143335,xuB950718351,5.0,2
758,义乌,1,很好看的电影,1110119270,ckf531309409,5.0,1
759,南昌,,影片不错，家人很喜欢,1110134083,tctdwl,4.0,2
760,郑州,,好看看看啦！,1110119038,tatianaw,5.0,2
761,京山市,1,搜去呜呜呜哦去五十张日在,1110063268,有事没事吃外卖喔,5.0,1
762,磐石,,挺好的 值得看,1110127195,zxin903,4.0,2
763,朝阳,,乐死我了，，,1110120809,H明月何曾是两乡Y,4.5,2
764,徐州,1,好极了好极了,1110127060,zyplty,0.0,1
765,保定,2,这个好，期待下一部,1110107394,ranran8726,5.0,1
766,齐齐哈尔,,挺好的影片  ,1110118936,周太太1988,5.0,1
767,安庆,2,"特别好吃的哦
",1110105378,阿一古DJ,5.0,1
768,高州,,好看，超级搞笑,1110121168,PHe210685320,4.5,1
769,怀仁市,,好看(○｀ε07○),1110120353,半倚斜屏,5.0,3
770,南宁,,好看，特效不错,1110116605,lQF848749227,5.0,1
771,景德镇,2,还好吧，习惯了,1110115327,yumi131422222,3.5,1
772,赤峰,,喜欢喜欢喜欢，期待今年唐探三如期放映！,1110112365,吉尔伽美什钧,5.0,3
773,北京,2,好看值得推荐,1110109635,iXf260903407,4.5,1
774,桂林,,棒极了91，值得看,1110085234,cju246856324,4.5,1
775,天津,,非常好看，值得去看,1110097787,xiaoling234,4.5,1
776,嘉兴,2,超好看、搞笑,1110095907,Y97517,4.5,2
777,青岛,2,感觉不错，挺好的,1110094976,cojn,5.0,2
778,长沙,2,是因为没有。,1110098651,Blame怪i,5.0,2
779,天津,,带外甥看的，还挺好的,1110001814,chenxi_20050528,4.5,1
780,上海,,还不错    ,1110094830,Inchron,4.0,1
781,上海,,还不错    ,1110097418,Inchron,4.0,1
782,大理,,很精彩相当不错,1110085107,杨涛wind,5.0,1
783,延边,2,9191919191,1110097296,XVK33804595,4.5,1
784,武汉,1,好看可以去看看,1110095457,sxZ298760451,4.5,2
785,衡水,2,满分99很喜欢,1110070757,暮月廿一,5.0,3
786,德阳,,可以，非常不错,1110090922,慧慧唐1234,5.0,1
787,海口,1,烧脑，强行，还行,1110094212,GMG光,4.5,4
788,大连,2,好看很好看 期待唐3,1110093319,TeacherSeven,5.0,1
789,桐庐,1,急急如律令0397,1110068615,吸氧525,4.5,1
790,自贡,2,还可以，很不错！,1110086384,范妹耶,5.0,1
791,济南,,很好笑，很棒,1110082975,yyl613047195,5.0,1
792,漳州,2,很好看，喜欢,1110088199,Dannie.Hwang,4.5,2
793,南京,,就可怕阿婆欧尼额度,1110084646,cge607809574,4.5,2
794,义乌,2,刘昊然也太帅啦吧,1110088008,谭谭tan呀,5.0,2
795,成都,,随意吧，我也不知道好看不好看,1110079321,ZtB895413558,4.5,2
796,成都,1,国产片悬疑里算非常好的一部了,1110078104,博超Mr,4.5,2
797,四平,,...(*￣０￣)ノ[等等我…我……我…………],1110073315,李兴驰0611,5.0,1
798,太原,,太搞笑了，给生活增添乐趣，以后多拍点喜剧片，让生活不那么沉闷，多释放压力,1110072678,tlW727349568,4.5,1
799,威海,,还可以啦，搞笑的成分在其中，带着悬疑一路走来，满意,1110064951,幸福生活1924,3.5,1
800,蚌埠,1,希望第三部更好，中国喜剧电影加油,1110059585,A悟道传媒,5.0,2
801,乌鲁木齐,,是因为没有我想象,1110058791,只会花钱,3.5,2
802,无锡,2,吵架没去看 不知道怎么评价,1110057104,小小Rain酱,2.5,1
803,北京,,喜感十足，情节吸引人,1110053207,CXP258358294,4.5,1
804,广州,,太久忘记了哈哈,1110030818,crossroads23,4.5,1
805,南阳,,不错不错，有意思,1110055313,贤惠小淑女,5.0,1
806,长沙,2,不错呀不错！,1110052321,明燃卿沫,5.0,2
807,绵阳,,好看真的还不行,1110045869,XiD117708973,4.5,2
808,镇江,,蛮喜欢看的。,1110027693,岛上书店abb,4.5,1
809,广州,1,可以，挺好}………,1110023931,lovelyx,3.0,2
810,晋中,,挺好看的，，,1110046450,岁月静好滕,4.5,1
811,朔州,,非常搞笑期待下部,1110048332,QjR645322749,5.0,1
812,南宁,2,轻松搞笑，很欢乐～,1110044695,苏苏93,5.0,1
813,淮安,,这部电影好看,1110027429,KhD593373566,0.0,2
814,上海,,挺好看的，等唐探3,1110043038,ZoD416081834,5.0,3
815,肥西县,2,好看，特别好看,1110036959,我2580爱,5.0,1
816,沈阳,2,一般吧 笑点不太能懂,1110040627,thanksgivingwho,3.0,2
817,陇南,,以前没评价，现在刷积分。,1110041347,孤心漫舞517,4.5,1
818,兰州,2,在一起了……这种,1110040433,阿染子,5.0,2
819,襄阳,2,挺好的呀，好(7070)要字数写够,1109938831,kokia1126,5.0,1
820,张家港,,家92家j62j62j62j,1110027060,jcO387032480,3.0,4
821,秦皇岛,,好看，精彩，,1110006380,丫小丫小丫头,3.5,1
822,深圳,1,想看第三部啊啊啊啊,1110033855,虫丶丶丶,5.0,2
823,呼和浩特,2,还可以 对得起观众,1110033587,Lli811796028,3.5,2
824,高平,2,很喜欢很喜欢,1110033541,Xerrrr4与99,5.0,1
825,武汉,1,不错，]事看看可以。,1110033534,鹿港小镇在青山,4.0,1
826,无锡,,还行吧，可以看看,1110032411,xuyun520,3.5,2
827,六安,,剧情跌宕起伏，不错,1110012697,拾光晕,4.0,1
828,武汉,,很好看   ,1110006204,wuboyqp,5.0,2
829,阜新,1,支持，期待续集。,1110028904,君薨佃,5.0,1
830,长春,,过敏明个你你你你你,1110031505,UUL175737162,4.5,2
831,贵阳,,不错。   ,1110028730,Lpq772379154,5.0,2
832,三亚,,很搞笑 也很好看,1110005931,Mou.mou10,4.0,2
833,赤峰,,棒极了、喜欢,1110028625,二十1028,4.5,2
834,永年,,挺好看的啊啊,1110026706,TAM121890152,4.5,2
835,中山,1,还不错，值得一看！,1110025556,唧唧复唧唧H,4.5,3
836,郑州,2,和腿魔都我丢,1110005761,jFn614759350,4.5,3
837,临沂,,0899087215,1110022861,李seven7777,4.0,1
838,青岛,,红米手机了，,1109938563,\念609,4.0,2
839,苏州,1,影院效果很好,1110018843,范洋波,5.0,3
840,开封,1,非常喜欢这个电影。一直跟着看,1110018710,ZLL516613,5.0,1
841,红河,1,很好看，也有笑点,1110021257,DjZ305397878,4.5,1
842,武汉,,96969696,1110018636,ganting甘婷,3.5,2
843,海安,1,很好，值得一看,1110019586,ess252398096,5.0,2
844,嘉兴,,很值得一看的电影,1110019309,doris_cuilu,5.0,2
845,淮安,,做的不错奥。,1110016180,dg472379655,5.0,2
846,鄂尔多斯,,没有预期效果,1110015539,EMZ243607374,5.0,1
847,巴中,1,二刷，你觉得呢,1109985991,XHE813374823,5.0,1
848,合肥,,很好看，挺搞笑的,1110015147,无名小羲,5.0,1
849,南京,,很好看，太搞笑了,144974963,LOVE于阳,5.0,1
850,辽阳,1,太好了，大屏,1109975500,八戒美食协会,4.0,1
851,广州,1,挺好的 满意,1109985820,Pmj593137143,5.0,2
852,南宁,,挺搞笑的很有笑点,1110014020,朱新璐,4.5,2
853,武汉,,很好看很好看,1109993417,mXZ584974043,4.0,1
854,枣阳,1,很好……，，,1110010240,不停奔跑的蚂蚁,5.0,2
855,顺德,,很有情怀的电影....,1110004873,tea19881031,4.0,3
856,定西,,不错很好看！,1110003818,hrs279158632,4.5,1
857,长清区,,非常喜欢的系列电影！,1110004653,sVw882161097,5.0,3
858,海城,,非常给力和热血,1109975377,uAs526516525,5.0,2
859,哈尔滨,,挺好看的！挺好看的！,1110003061,_qqckm1391135033,4.5,4
860,呼和浩特,,特别好特别喜欢,1109999214,A任玮,4.5,2
861,三亚,,非常喜剧，值得一看,1109973902,Zxc410861985,5.0,1
862,什邡,,不错，挺好的。,1109985227,TKO510065505,5.0,1
863,成都,,好看极了，继续努力,1109995828,平民八叔叔,4.5,1
864,西安,1,还不错值得看,1109996306,散漫恰似半分熟,3.5,1
865,临沂,,喜欢看破案的，这个电影是跟闺蜜一起看的，哈哈，超级好看笑点也多,1109972788,qwJ802417354,4.5,1
866,长沙,,唐人街系列绝对是我最爱的电影系列之一了，期待第三部,1109985105,twototwotwotwo,4.5,4
867,张家口,,非常值得一看,1109973742,ZAB540940914,4.5,2
868,深圳,,还可以吧，很久了,1109994407,osf904148054,4.5,1
869,商丘,,噜噜噜同学恩,1109994191,ysI887023142,5.0,2
870,张家港,,非常不错，值得观看,1109988374,KlH765982863,5.0,2
871,青岛,,还行吧还可以吧,1109983894,鲁鲁子的朋友,3.5,2
872,临沂,,美好的生活正在开始,1109983810,DQa548567415,4.5,2
873,六盘水,,很喜欢，很好看,1109986229,SCs439317260,5.0,2
874,锦州,,好看，很好看,1109980841,尤朵朵ice,5.0,3
875,沈阳,,说实话超出我的想象,1109979949,AXX758501737,4.5,1
876,扬州,,笑死了宝宝了,1109980414,EyG917373313,4.5,1
877,珠海,,不错哦不错哦,1109950918,DYj坚,5.0,2
878,淮南,,好看好看好赞,1109976228,gxv772802027,4.5,1
879,顺德,,就结局有点烂,1109970874,Agiselle,2.5,3
880,中山,,挺好的.推荐,1109971771,laa890003838,5.0,2
881,沈阳,,垃圾至极，圈钱之作,1109950787,LlS506177844,0.5,2
882,武安,,好看呐挺不错,1109967943,独宠小可爱i,5.0,2
883,芜湖,1,票有所值，值得一看,1109974251,mzd969789313,5.0,1
884,石家庄,,一直很喜欢昊然和宝强的组合，支持一下,1109970639,恋空80,5.0,2
885,盐城,,还好！可以看看,1109970530,PNp523689588,4.0,2
886,三河,2,总体来说还不错吧,1109969745,meimeiainiying,4.5,1
887,无锡,1,和一比起来，深度变浅了,1109971032,ZfY440614475,3.0,2
888,深圳,,很好看，不错,1109964995,班奈特520,4.5,1
889,北京,1,感觉一般，歌曲不错,1109962983,最醉东东,3.0,2
890,深圳,1,要不是为了积分，多久的订单了又翻出来评价，只好复制粘贴了。,1109954212,风轻丶云卷灬,4.0,1
891,深圳,1,好很好非常好,1109964658,拿破仑351,4.5,2
892,大庆,,3部快点上映，姐妹们给我冲。,1109862654,vvq522494844,4.5,2
893,长沙,2,好看！！！！,1109943054,杨小仙吖,5.0,2
894,深圳,1,虽然也是很好看的，但感觉还是第一部更经典,1109964360,gFK732968670,4.5,1
895,成都,2,好看，十分好看,1109964184,Lucky742654,5.0,2
896,章丘区,,很好很好很好，性价比高,1109961571,a666永兴,5.0,2
897,郑州,1,好看好看96,1109950130,jinwenlin100,5.0,1
898,南充,,环境很不错，大家都可以去,1109917866,斯庆飞,5.0,1
899,成都,,几位主演的演技很棒，剧情很搞笑，期待新电影。,1109961052,朝朝暮暮0511,4.5,1
900,武汉,1,值得去看哟。,1109958659,LZJ18507159279,4.5,2
901,遵义,,好看    ,1109959321,pny971426103,5.0,1
902,抚顺,2,喜欢等待第三季上映,1109958380,ggU761772271,5.0,3
903,遵义,2,就喜欢搞笑又带剧情的电影,1109959013,豆腐一,5.0,1
904,合肥,2,很好看，题材新颖,1109957429,流浪的小孩.,5.0,1
905,十堰,,很好看969696,1109952893,梦想城镇的世界,5.0,1
906,绵阳,1,我一直觉得，侦探类逻辑推理，前提是故事是真的，而不是虚构的，只有建立在真实的基础上，逻辑推理才有意义。,1109958117,何源2019,4.0,4
907,深圳,,不错，喜欢，推荐,1109949905,小彬彬09,5.0,2
908,宁波,1,"很好很好看
",1109951711,nbyg2007,5.0,1
909,咸宁,,很好看，很喜欢,1109955129,sssss落日映苍穹,4.5,1
910,郑州,,娱乐片，看着挺搞笑的。,1109935363,吧唧吧唧酥饼,5.0,3
911,成都,1,可以的，好康,1109951453,城小不见你,5.0,2
912,沧州,2,还算不错的。,1109949431,yiyi,4.5,2
913,鞍山,,巨搞笑，期待下一部,1109932320,悟1558,5.0,2
914,东平,,挺好玩的，可以,1109917491,vIY464242719,4.0,2
915,崇州,,挺好看的，也搞笑,1109932256,SEw705059276,4.5,2
916,菏泽,,不错不错，耶,1109948024,KDw630423435,4.0,1
917,苏州,,图可口可乐了看看,1109941995,cgz324805848,4.5,1
918,南京,2,观影效果非常不错91,1109908849,zz沫沫hh,4.5,1
919,沈阳,,期待每年一部,1109942008,我要长高YOYO,5.0,2
920,济南,,很不错 喜欢,1109939378,璇璇20110405,4.5,3
921,滕州,2,和朋友一起看的，不错，影院环境好，干净卫生。,1109925135,青隐无争222,5.0,1
922,武汉,2,很好看，导演脑洞挺大，不错,1109939207,arnmzsd,5.0,2
923,襄阳,2,挺热闹的。。,1109931992,JINFANG633,4.0,2
924,博罗县,,反正笑个不停哦04哦好,1109936277,东菠萝,4.5,2
925,诸暨,1,乐扣乐扣弄弄弄一下谢谢,1109931000,司马左凡,4.5,1
926,荆门,2,很好看哈哈哈,1109933401,玫瑰之约515,5.0,2
927,广州,,还不错，可以,1109933337,蘑菇炖小母鸡_,5.0,2
928,成都,,还不错哦，继续支持正版电影,1109936008,gTk741815331,5.0,2
929,广州,2,好看，挺有意义,1109927934,Yu.涵,5.0,1
930,乌鲁木齐,,很搞笑 可以看看,1109934318,madina1025,3.5,2
931,潍坊,1,好好聊聊人生第一次,1109930483,往事随疯狂,4.5,1
932,台州,2,我笑点比较高，感觉很多笑点是普通的滑稽可笑而已，并没有深层次的内涵,1109901609,幸福的味道去发觉,3.5,1
933,长沙,1,很不错的搞笑电影,1109913829,莫名骑单车追宝马,4.5,3
934,成都,1,好看的电影真的,1109892871,陈二狗444,5.0,2
935,醴陵,,我最爱的刘昊然,1109914543,vOB739882132,4.5,1
936,西安,,宝强加油(25 6106_6107)25,1109885901,lingjulimt,4.5,2
937,合肥,,超级非常好看的,1109922094,艾晴帝玛,5.0,1
938,佛山,2,很好，很好，,1109885793,tiffanylu2005,5.0,2
939,毕节,2,非常好看，很不错,1109880883,紫雨泪88,4.5,3
940,连云港,,哈哈哈，和爸妈一起去看的，老妈看不懂睡着了，我和老爸看的兴致勃勃,1109916459,lemon杨莹,5.0,2
941,长沙,1,有点浮夸啦啦啦,1109904991,yjfcn,3.5,2
942,广州,2,还不错挺好看的这次一个人去看的,1109904955,mYI309981229,3.5,1
943,石家庄,1,非常喜欢，好看。,1109909475,deang198211,5.0,2
944,武汉,,唐探拍的一直很好！,1109893225,Meteorzj,5.0,2
945,临沂,,比较烧脑，探案一般不会让人失望,1109912717,波妞小公主s,4.0,3
946,哈尔滨,2,很好看(1711ω1117)1779,1109912356,vivi啾啾,5.0,1
947,三亚,2,好久了，不记得剧情了,1109910684,柏拉图爱心,5.0,1
948,恩施,,全程高能紧张刺激,1109909110,Mc康叫兽,5.0,2
949,武汉,,很棒……很好,1109907713,vzC475115560,4.5,1
950,重庆,,穿越成一幅幅仿佛风格,1109907425,闪亮猪精,5.0,2
951,武汉,2,不太记得了，一般我都好评,1109907258,米亚katherine,4.5,1
952,南昌,,真的好看呀！。,1109872859,Kdw228664166,5.0,2
953,合肥,1,很喜欢的电影。拍的很好,1109885233,丁一套,5.0,2
954,南通,2,又搞笑，又好玩,1109897705,丫头的阿狸,5.0,2
955,永康,,超级好看啊啊啊,1109897639,铛2013,4.5,2
956,阿克苏,,没有第一部好看,1109902527,lovedjwj1980,3.5,1
957,成都,,欢欢喜喜过个年吧，没毛病，及格,1109899564,谢厥,3.5,2
958,佛山,,迷雾，ta62mo,1109898331,番茄个西红市,5.0,4
959,大荔,1,不错，剧情不错,1109897338,无聊蛋疼的me,4.5,1
960,武汉,,挺好的。。。,1109896857,夹心BGGG,3.5,3
961,通化,1,好，很好，非常好,1109899071,rPy644451057,4.5,1
962,沭阳,,90哈哈哈好,1109895987,VnQ552910429,5.0,1
963,毕节,,好看哟，00,1109898012,ILz492649366,5.0,2
964,常州,2,影片非常好看。,1109897095,我是超。,5.0,2
965,石家庄,,从第一部就开始了，然后到第二部，期待第三部分上映,1109860957,jKV985975375,4.5,2
966,天津,,一个字，好看。,1109883999,千玺儿麻麻,4.0,1
967,深圳,2,还不错哟哟哟,1109875013,llxxyy222,5.0,3
968,呼和浩特,,不错的，挺好。,1109890198,PXL846851878,4.5,1
969,富阳,,挺好看的。。,1109884910,sDI82159854,5.0,2
970,莱州,,还可以吧，继续努力,1109873814,永远幸福9864,4.0,2
971,益阳,,很好看，等着第三部,1109884561,wufengjun1981,4.0,1
972,铜仁,,非常好看非常好看,1109865998,MHi413984396,5.0,2
973,溧阳,1,"很好的影片剧情很感人。
很好的影片剧情很感人。
",1109876039,吃何以堪I,4.5,1
974,惠州,,很感人的故事……,1109874234,HU初见倾心,4.0,2
975,深圳,,很好，很不错。,1109871196,原野809,5.0,2
976,武汉,2,不看看辣条了,1109869440,罗张哲,3.0,1
977,宜兴,2,抄袭双瞳，剧情可以,1109866575,照歆,3.5,1
978,重庆,,挺好的，值得看,1109865007,Wenglk123,5.0,1
979,无锡,1,不好看，x……,1109864551,eLL399035514,0.5,1
980,长沙,2,"还可以
  ",1109858988,t1ng22,4.0,2
981,九江,,很不错哦！！,1109828766,zzzs呀,5.0,2
982,成都,,好看，剧情很紧凑，值得一看,1109838354,rush123_2000,5.0,1
983,江阴,,个人觉得很好看,1109863095,顾大大大。,5.0,1
984,郑州,,没有第一部惊艳,1109849724,天地对接001,4.0,1
985,益阳,,喜剧片，有点味几,1109854962,BhO901317033,5.0,1
986,无锡,,真好看96。,1109854411,王小健！！,4.5,2
987,宁波,,挺不错很喜欢,1109846067,张三斤o,4.5,1
988,江阴,,唐探宇宙一直期待,1109850109,豆包de粑粑,4.5,1
989,郑州,,真的不错，值得推荐,1109841652,丶丸子叔,5.0,3
990,武汉,1,演员演技在线，电影情节紧凑，值得一看。,1109773007,limin_hou,3.5,2
991,昆明,2,还是有时候很恐怖,1109847426,电疯扇,5.0,3
992,芜湖,2,值得推荐，好看。,1109843361,hmq304482296,4.5,2
993,运城,,不错，挺好看的,1109847110,XHm576002957,5.0,3
994,富阳,2,棒棒哒！！！,1109843262,kpi150842631,5.0,3
995,呼和浩特,,搞笑，悬疑，扣人心弦。,1109833777,vUy193795861,5.0,1
996,长春,,还挺好看的.,1109839437,需要food,4.0,3
997,凉山,,还行吧，还行吧！,1109799834,yayaya90,3.5,1
998,东莞,,和她，王大美女，最后一次进的电影院，看的最后一部电影，长沙太平老街之旅。记忆深刻。曾经爱过，和你一起什么都是最美好的。感谢你曾经来过,1109826738,柒仟7,5.0,1
999,溧阳,2,很好看，不错,1109837429,EWO742948871,4.5,1
1000,西安,,这部电影我感觉不错，有时间都去看看,1109832597,zhang_yp007,4.5,1
1001,重庆,,第三部什么时候上啊，好期待,1109820383,Cleo大熙,5.0,2
1002,南昌,1,干净卫生，好看,1109827625,A一只小公猪,5.0,2
1003,白银,1,完全就是为了开心和看外星人是一个心态,1109806859,陈大仙_cqt,5.0,2
1004,江都,,依然搞笑，最后肖央的话很经典,1109822808,忘尘哥哥,5.0,1
